﻿{"cameraMode":{"drawMode":0,"name":"Shaded","section":"Shading Mode"},"sceneLighting":false,"audioPlay":false,"sceneViewState":{"showFog":true,"showMaterialUpdate":false,"showSkybox":true,"showFlares":true,"showImageEffects":true,"showParticleSystems":true},"in2DMode":false,"pivot":{"x":-2.398477792739868,"y":2.787144184112549,"z":5.238952159881592},"rotation":{"x":-0.21994411945343018,"y":-0.43926572799682619,"z":0.1118483766913414,"w":-0.8638056516647339},"size":8.500814437866211,"orthographic":false}