﻿{"cameraMode":{"drawMode":0,"name":"Shaded","section":"Shading Mode"},"sceneLighting":true,"audioPlay":false,"sceneViewState":{"showFog":true,"showMaterialUpdate":false,"showSkybox":true,"showFlares":true,"showImageEffects":true,"showParticleSystems":true},"in2DMode":false,"pivot":{"x":10.437765121459961,"y":-10.826065063476563,"z":-12.81097412109375},"rotation":{"x":-0.15321731567382813,"y":-0.833112359046936,"z":0.28426864743232729,"w":-0.44904300570487978},"size":31.755064010620118,"orthographic":false}