﻿{"cameraMode":{"drawMode":0,"name":"Shaded","section":"Shading Mode"},"sceneLighting":true,"audioPlay":false,"sceneViewState":{"showFog":true,"showMaterialUpdate":false,"showSkybox":true,"showFlares":true,"showImageEffects":true,"showParticleSystems":true},"in2DMode":false,"pivot":{"x":260.60076904296877,"y":314.9150085449219,"z":-52.22705078125},"rotation":{"x":-0.24864785373210908,"y":0.4415280818939209,"z":-0.12878960371017457,"w":-0.8524320721626282},"size":1833.7877197265625,"orthographic":false}