﻿{"cameraMode":{"drawMode":0,"name":"Shaded","section":"Shading Mode"},"sceneLighting":false,"audioPlay":false,"sceneViewState":{"showFog":true,"showMaterialUpdate":false,"showSkybox":true,"showFlares":true,"showImageEffects":true,"showParticleSystems":true},"in2DMode":false,"pivot":{"x":-23.415430068969728,"y":72.53519439697266,"z":-155.63238525390626},"rotation":{"x":-0.2470678687095642,"y":0.5830019116401672,"z":-0.19211214780807496,"w":-0.7497727870941162},"size":0.5715861916542053,"orthographic":false}