﻿{"cameraMode":{"drawMode":0,"name":"Shaded","section":"Shading Mode"},"sceneLighting":true,"audioPlay":false,"sceneViewState":{"showFog":true,"showMaterialUpdate":false,"showSkybox":true,"showFlares":true,"showImageEffects":true,"showParticleSystems":true},"in2DMode":false,"pivot":{"x":4.698678970336914,"y":30.316734313964845,"z":36.86425018310547},"rotation":{"x":0.06094175949692726,"y":-0.9236924648284912,"z":0.3401293158531189,"w":0.16550076007843018},"size":4.041658401489258,"orthographic":false}